"empid";"userid";"fname";"lname";"dateofjoining";"empstatus"
1;"mario@transit.com";"mario";"declary";"1995-02-10 00:00:00";"Supervisor"
2;"jerbear@transit.com";"jeremy";"scooter";"1997-03-04 00:00:00";"Supervisor"
3;"terra3@transit.com";"terra";"mitch";"2005-03-14 00:00:00";"Supervisor"
4;"ahnna@transit.com";"ahnna";"leisha";"2006-06-02 00:00:00";"Full Time"
5;"alexKR@transit.com";"alex";"sung";"2006-07-02 00:00:00";"Full Time"
6;"jababe@transit.com";"jab";"ewe";"2006-07-03 00:00:00";"Full Time"
7;"aliceiwl@transit.com";"alice ";"french";"2007-02-02 00:00:00";"Full Time"
8;"taytay@transit.com";"tay";"shmit";"2007-06-02 00:00:00";"Full Time"
9;"samjam@transit.com";"sam";"jones";"2007-06-03 00:00:00";"Full Time"
10;"foxythang@transit.com";"viktor";"volt";"2009-12-08 00:00:00";"Full Time"
11;"topgun@transit.com";" casey";"viper";"2009-01-09 00:00:00";"Full Time"
12;"lowgun@transit.com";"joe";"over";"2009-04-09 00:00:00";"Full Time"
13;"jocho@transit.com";"jo";"cho";"2010-12-01 00:00:00";"Part Time"
14;"vamsi@transit.com";"vam";"si";"2010-12-02 00:00:00";"Part Time"
15;"mdhana@transit.com";"mesh";"dhana";"2010-12-03 00:00:00";"Part Time"
16;"halans@transit.com";"hal";"ans";"2010-12-04 00:00:00";"Part Time"
17;"keshvsar@transit.com";"kesh";"vsar";"2010-09-01 00:00:00";"Part Time"
18;"santa@transit.com";"paul";"nick";"2010-05-02 00:00:00";"Part Time"
19;"ayegee@transit.com";"agee";"koski";"2010-09-02 00:00:00";"Part Time"
20;"joelTrump@transit.com";"joel";"flon";"2010-12-09 00:00:00";"Part Time"
21;"joseph.s@transit.com";"joseph";"seaman";"2010-12-10 00:00:00";"Part Time"
22;"catcat@transit.com";"cait";"lynn";"2010-12-11 00:00:00";"Trainee"
23;"ben405@transit.com";"ben ";"koski";"2014-04-09 00:00:00";"Trainee"
24;"shaqf@transit.com";"shaq";"fairy";"2014-06-09 00:00:00";"Trainee"
25;"hayn@transit.com";"haley";"han";"2014-09-09 00:00:00";"Trainee"
26;"nihal@transit.com";"Nihal";"Soans";"2016-11-03 00:00:00";"Supervisor"
27;"vamsi@t.com";"Vamsi";"Nadella";"2016-11-03 00:00:00";"Supervisor"
28;"vishnu@gmail.com";"Vishnu";"Gowda";"2016-11-29 00:00:00";"Supervisor"
